2,Yeo,Sloan,Orlando,6814975247,2547355465,244-2761 Neque Street
3,Allistair,Dawson,Callum,6253498113,9231652389,145-4911 Sed Street
4,Akeem,Mcleod,Coby,4099678118,7945076004,5171 Nulla. Road
5,Kuame,Glenn,Elliott,3242119613,3477083769,Ap #455-1439 Etiam Rd.
6,Yvette,Sweet,Quinlan,2479118436,8511072878,Ap #578-8638 Dui. Street
7,Keith,Moore,Ronan,1688529518,2523809849,Ap #486-7900 Ipsum. Rd.
8,Rowan,Armstrong,Amos,5059096650,5851379536,1492 Porta Ave
9,Tyrone,Juarez,Mark,1001450945,9546960220,Ap #224-9416 In Street
10,Hyatt,Doyle,Brock,5841512777,9830251046,Ap #802-9743 Nullam Ave
11,Richard,Nunez,Peter,4477832588,6335398272,309-5657 Metus Street
