95,Cursus In Hendrerit Ltd,Cursus In Hendrerit,794-1304 Penatibus Rd.,22836128407512,автотранспортное предприятие
42,Ac Mi Eleifend Institute,Eleifend Institute,Ap #924-7374 Nonummy Street,7762367234,другое
75,Eros Institute,Eros,Ap #698-5316 Donec St.,980534326843,автотранспортное предприятие
83,Amet Consectetuer Corp.,Amet Consectetuer,798-2862 Fringilla St.,2574177068,автотранспортное предприятие
40,Et Magnis Dis PC,Magnis Dis,"Ap #737-4464 Ornare, Rd.",5293748474721,автотранспортное предприятие
36,Nunc Foundation,Nunc,119-498 Nunc. Av.,46505363500,медицинское учреждение
96,Nonummy Associates,Nonummy,"Ap #527-127 Id, Ave",1988730199626,учебное заведение
39,Elit Pharetra LLC,Elit Pharetra,Ap #353-323 Et Rd.,82632263032,учебное заведение
30,Urna Nullam PC,Urna Nullam,Ap #321-7424 Vel Av.,468335153511,автотранспортное предприятие
65,Morbi Tristique Senectus Limited,Morbi Tristique,1062 Erat St.,8963843741585,учебное заведение
